F1,F2,F3,F4,F5,F6,F7,F8,F9,F10,F11,F12,F13,F14,F15,F16,F17,F18,F19
M1,T1,94.53,94.516,99.847,0.9454,0.963,99687,2525,279.54,34.01,9552670,9.55,6.57,84.79,MOB,10.24,18,4.239446609
M1,T2,92.51,92.524,99.702,0.923,0.9468,6330,187,45.73,93.59,9001030,9,6.98,85.668,MOB,10.25,18.25,4.294950041
M1,T3,93.93,93.91,99.812,0.9388,0.9582,6653,192,46.19,91.76,8446134,8.45,7.44,86.552,MOB,10.26,17.92,4.214150176
M1,T4,94.07,94.051,99.826,0.9403,0.9593,7101,202,47.24,87.99,15452962,15.45,4.06,75.395,MOB,10.26,18.35,4.312499428
M1,T5,94.08,94.061,99.827,0.9404,0.9594,6994,200,46.97,88.92,30771434,30.77,2.04,51.004,MOB,82.82,18.39,4.326300839
M1,T6,95.93,95.925,99.936,0.961,0.9743,5513,111,38.12,153.2,26130608,26.13,2.4,58.393,CPU,10.45,19.6,5.009242535
M1,T7,96.09,96.088,99.943,0.9628,0.9756,100931,2534,280.38,33.99,7371267,7.37,8.52,88.263,MOB,11.2,18.33,4.715027163
M1,T8,94.55,94.556,99.835,0.9457,0.9632,6562,188,45.79,93.35,6840340,6.84,9.18,89.108,MOB,10.26,18.42,4.732919394
M1,T9,95.88,95.871,99.93,0.9604,0.9739,6731,192,46.22,91.64,6986682,6.99,8.99,88.875,MOB,10.27,18.49,4.749925806
M1,T10,95.94,95.935,99.936,0.9611,0.9744,7124,201,47.14,88.35,13023988,13.02,4.82,79.262,MOB,83.09,18.88,4.841975934
M1,T11,94.15,94.136,99.821,0.9412,0.96,5566,111,38.11,153.24,23332893,23.33,2.69,62.848,CPU,10.23,19.64,5.017229843
M1,T12,92.57,92.579,99.693,0.9237,0.9472,6385,187,45.74,93.54,6774446,6.77,9.27,89.213,MOB,10.23,18.39,4.727600856
M1,T13,94.07,94.05,99.812,0.9403,0.9593,6662,190,46.05,92.31,6633033,6.63,9.47,89.439,MOB,10.25,18.67,4.783410454
M1,T14,94.12,94.106,99.821,0.9409,0.9597,7070,200,47.04,88.7,11956333,11.96,5.25,80.962,MOB,83.33,18.66,4.786960804
M1,T15,93.99,93.973,99.82,0.9394,0.9587,5553,112,38.18,152.19,23367435,23.37,2.69,62.793,CPU,10.24,19.88,5.073523232
M1,T16,92.39,92.407,99.683,0.9217,0.9458,6402,188,45.79,93.35,6847314,6.85,9.17,89.097,MOB,10.25,18.46,4.74280534
M1,T17,93.9,93.879,99.813,0.9384,0.9579,6690,191,46.13,91.99,6706252,6.71,9.36,89.322,MOB,10.26,18.61,4.775384597
M1,T18,93.99,93.973,99.82,0.9394,0.9587,7037,199,46.95,89.01,11968298,11.97,5.25,80.943,MOB,84.27,18.65,4.787509747
M1,T19,94.07,94.052,99.821,0.9403,0.9593,5540,111,38.09,153.57,23274236,23.27,2.7,62.941,CPU,10.21,19.97,5.093108082
M1,T20,92.69,92.705,99.68,0.925,0.9481,6390,188,45.76,93.47,6805999,6.81,9.23,89.163,MOB,10.24,18.35,4.719414078
M1,T21,93.83,93.807,99.811,0.9377,0.9574,6686,191,46.12,92.05,6664945,6.66,9.42,89.388,MOB,10.26,18.51,4.757286204
M1,T22,94.06,94.042,99.821,0.9402,0.9592,7093,201,47.08,88.56,11882067,11.88,5.29,81.081,MOB,83.23,18.67,4.790728199
M1,T23,93.92,93.899,99.816,0.9387,0.9581,5578,111,38.11,153.27,23341191,23.34,2.69,62.835,CPU,10.24,19.73,5.039529276
M1,T24,92.67,92.675,99.683,0.9248,0.948,6402,188,45.77,93.42,6743601,6.74,9.31,89.262,MOB,10.24,18.5,4.749734677
M1,T25,93.94,93.919,99.804,0.9389,0.9582,6718,192,46.2,91.72,6601757,6.6,9.51,89.488,MOB,10.25,18.4,4.723327153
M1,T26,93.94,93.92,99.815,0.9389,0.9583,7062,200,47,88.81,11932314,11.93,5.26,81.001,MOB,10.41,18.7,4.800358098
M2,T1,95.03,95.031,99.898,0.951,0.9671,254475,6401,667.06,31.57,25206222,25.21,7.79,87.164,MOB,10.36,17.56,4.13120271
M2,T2,95.02,95.017,99.859,0.9509,0.9669,20067,531,80.1,49.96,24966094,24.97,7.87,87.287,MOB,10.35,17.82,4.189419563
M2,T3,95.07,95.069,99.9,0.9514,0.9674,17761,460,72.99,53.26,24736118,24.74,7.94,87.404,MOB,10.36,17.64,4.152059874
M2,T4,95.1,95.097,99.901,0.9518,0.9677,22299,556,82.6,49.01,48868834,48.87,4.02,75.115,MOB,10.36,18.04,4.257311656
M2,T5,95.11,95.107,99.901,0.9519,0.9678,22767,553,82.3,49.12,97639666,97.64,2.01,50.279,MOB,89.82,18.13,4.266669344
M2,T6,95.91,95.895,99.919,0.9608,0.9741,9297,150,41.97,113.51,86874439,86.87,2.26,55.761,CPU,10.43,20.59,5.238247283
M2,T7,95.93,95.912,99.918,0.961,0.9742,256918,6409,667.89,31.57,20470055,20.47,9.59,89.576,MOB,10.38,19,4.867314918
M2,T8,95.9,95.883,99.798,0.9607,0.9737,20251,531,80.13,49.95,20322471,20.32,9.66,89.651,MOB,10.59,19.23,4.926541521
M2,T9,95.95,95.933,99.918,0.9612,0.9744,17865,460,73.05,53.23,20259348,20.26,9.69,89.683,MOB,10.39,19.13,4.902433582
M2,T10,95.92,95.904,99.919,0.9609,0.9741,22040,553,82.27,49.13,43350785,43.35,4.53,77.925,MOB,89.81,19.23,4.924838875
M2,T11,95.5,95.494,99.911,0.9562,0.9708,9259,149,41.9,114.06,82903911,82.9,2.37,57.783,CPU,10.69,20.81,5.290004982
M2,T12,95.4,95.397,99.851,0.9551,0.9699,20288,531,80.09,49.97,19980366,19.98,9.83,89.825,MOB,10.36,19.23,4.91705352
M2,T13,95.38,95.375,99.91,0.9549,0.9699,17681,457,72.67,53.44,19921760,19.92,9.86,89.855,MOB,10.37,19.13,4.899015396
M2,T14,95.5,95.494,99.911,0.9562,0.9708,22118,554,82.44,49.07,41874872,41.87,4.69,78.676,MOB,89.98,19.15,4.90829016
M2,T15,95.6,95.595,99.913,0.9573,0.9716,9240,148,41.82,114.58,82967071,82.97,2.37,57.751,CPU,10.37,21.11,5.359415045
M2,T16,95.53,95.527,99.856,0.9566,0.971,20271,532,80.18,49.93,20098539,20.1,9.77,89.765,MOB,10.37,19.26,4.928813779
M2,T17,95.57,95.566,99.913,0.957,0.9714,17794,460,72.98,53.27,20039814,20.04,9.8,89.795,MOB,10.56,19.2,4.907104389
M2,T18,95.62,95.614,99.913,0.9576,0.9718,22182,554,82.41,49.08,41906996,41.91,4.69,78.66,MOB,89.83,19.31,4.936605711
M2,T19,95.55,95.549,99.912,0.9568,0.9712,9214,148,41.81,114.66,82814735,82.81,2.37,57.828,CPU,10.37,20.71,5.266922688
M2,T20,95.46,95.459,99.835,0.9558,0.9704,20239,531,80.11,49.95,20017369,20.02,9.81,89.807,MOB,10.36,19.35,4.94360218
M2,T21,95.5,95.5,99.912,0.9562,0.9709,17816,461,73.12,53.19,19958639,19.96,9.84,89.836,MOB,10.38,19.13,4.901965498
M2,T22,95.55,95.549,99.912,0.9568,0.9712,22077,554,82.42,49.08,41836266,41.84,4.69,78.696,MOB,89.75,19.26,4.929054944
M2,T23,95.58,95.578,99.909,0.9571,0.9715,9258,149,41.86,114.3,82945438,82.95,2.37,57.762,CPU,10.37,20.77,5.281824655
M2,T24,95.46,95.462,99.848,0.9558,0.9704,20213,531,80.06,49.98,19960830,19.96,9.84,89.835,MOB,10.37,19.25,4.930801651
M2,T25,95.54,95.541,99.909,0.9567,0.9712,17823,460,73.05,53.23,19902991,19.9,9.87,89.865,MOB,10.38,19.24,4.927382128
M2,T26,95.59,95.589,99.909,0.9572,0.9716,22212,556,82.63,49,41865011,41.87,4.69,78.681,MOB,10.39,19.34,4.947725786
M3,T1,91.56,91.568,99.648,0.9124,0.9391,67006,1707,197.72,35.96,5283182,5.28,7.33,86.357,MOB,10.17,17.5,4.131312005
M3,T2,91.21,91.278,99.598,0.9086,0.9363,4328,137,40.72,123.3,5131742,5.13,7.55,86.748,MOB,10.18,17.71,4.172697306
M3,T3,92.28,92.277,99.702,0.9204,0.9449,4631,142,41.22,119.16,4983462,4.98,7.77,87.131,MOB,10.19,17.52,4.120288958
M3,T4,92.5,92.497,99.711,0.9229,0.9467,4632,142,41.24,118.94,9574198,9.57,4.04,75.277,MOB,10.18,17.4,4.102687911
M3,T5,92.51,92.508,99.712,0.923,0.9468,4624,142,41.22,119.12,19118514,19.12,2.03,50.631,MOB,74.89,17.75,4.178217077
M3,T6,92.89,92.847,99.779,0.9272,0.9498,4682,103,37.27,167.58,15536139,15.54,2.49,59.881,CPU,10.42,19.85,5.063651413
M3,T7,91.85,91.821,99.723,0.9157,0.9415,67831,1713,198.26,35.94,4089623,4.09,9.47,89.439,MOB,10.14,15.4,4.023089315
M3,T8,92.17,92.152,99.691,0.9192,0.944,4386,138,40.77,122.87,3988883,3.99,9.71,89.7,MOB,10.18,15.87,4.137835857
M3,T9,92.79,92.752,99.774,0.9261,0.949,4716,143,41.34,118.15,3950424,3.95,9.8,89.799,MOB,11.06,15.44,4.031127146
M3,T10,92.88,92.838,99.779,0.9271,0.9497,4690,143,41.31,118.41,7770545,7.77,4.98,79.934,MOB,75.57,15.58,4.067770757
M3,T11,13.78,5.932,66.066,0.0482,0.1286,4545,101,37.08,171.24,13171405,13.17,2.94,65.988,CPU,10.13,19.93,5.085792215
M3,T12,13.31,5.668,65.11,0.043,0.1218,4384,138,40.78,122.8,3828258,3.83,10.12,90.114,MOB,10.13,15.82,4.124320385
M3,T13,14.36,6.016,66.399,0.0547,0.135,4692,143,41.29,118.57,3795646,3.8,10.2,90.199,MOB,10.15,16.04,4.176637043
M3,T14,13.76,5.886,66.072,0.048,0.1282,4669,143,41.29,118.54,6896526,6.9,5.62,82.191,MOB,77.09,15.46,4.034659052
M3,T15,13.68,6.152,66.057,0.0471,0.1287,4428,98,36.84,176.27,13195765,13.2,2.93,65.925,CPU,10.14,20.13,5.130703466
M3,T16,14.32,6.173,65.594,0.0542,0.1351,4370,137,40.74,123.09,3892604,3.89,9.95,89.948,MOB,10.14,15.5,4.054087637
M3,T17,14.23,6.198,66.511,0.0532,0.1348,4693,143,41.28,118.67,3860163,3.86,10.03,90.032,MOB,10.23,15.61,4.078722961
M3,T18,13.71,6.164,66.121,0.0474,0.1291,4706,144,41.37,117.95,6926176,6.93,5.59,82.115,MOB,75.41,15.66,4.084173415
M3,T19,13.91,6.001,65.741,0.0497,0.1301,4427,98,36.84,176.14,13113122,13.11,2.95,66.138,CPU,10.13,20.74,5.273149591
M3,T20,13.17,5.538,64.787,0.0414,0.1194,4383,138,40.76,122.92,3863543,3.86,10.02,90.023,MOB,11.05,15.46,4.038281172
M3,T21,14.62,6.104,66.164,0.0576,0.1379,4725,144,41.37,117.97,3830091,3.83,10.11,90.11,MOB,11.13,15.64,4.08297766
M3,T22,13.94,6.006,65.771,0.05,0.1305,4645,143,41.28,118.63,6855301,6.86,5.65,82.298,MOB,76.39,15.93,4.151080751
M3,T23,13.68,6.099,66.329,0.0471,0.1285,4451,99,36.91,174.69,13169498,13.17,2.94,65.993,CPU,10.12,19.99,5.098461533
M3,T24,13.11,5.691,65.211,0.0408,0.1197,4385,138,40.77,122.81,3824985,3.82,10.12,90.123,MOB,10.21,15.48,4.048369869
M3,T25,14.41,6.227,66.779,0.0552,0.1368,4702,143,41.31,118.41,3789973,3.79,10.22,90.213,MOB,10.22,15.73,4.103159771
M3,T26,13.57,6.049,66.249,0.0459,0.1271,4673,143,41.31,118.43,6888878,6.89,5.62,82.211,MOB,10.36,15.58,4.067541774
M4,T1,10.07,1.888,50.07,0.007,0.007,14268,386,65.61,58.08,2519254,2.52,6.81,85.323,MOB,10.06,16.52,3.907119719
M4,T2,68.47,67.17,96.627,0.6559,0.7393,2988,104,37.37,165.66,2375126,2.38,7.23,86.162,MOB,9.11,16.98,3.998524747
M4,T3,90.94,90.89,99.591,0.9056,0.9339,874,50,32.03,522.93,2248622,2.25,7.63,86.9,MOB,8.81,17.47,4.115536118
M4,T4,91.79,91.761,99.678,0.915,0.9409,731,47,31.67,627.55,4139922,4.14,4.15,75.881,MOB,8.79,16.8,3.961678171
M4,T5,91.78,91.747,99.678,0.9149,0.9408,732,47,31.67,628.57,8210538,8.21,2.09,52.165,MOB,73.44,17.16,4.045669222
M4,T6,92.66,92.677,99.743,0.9247,0.9481,1599,56,32.61,412.72,6022014,6.02,2.85,64.915,CPU,10.34,19.24,4.923599478
M4,T7,10.07,1.888,50.07,0.007,0.007,14466,388,65.79,57.94,1775999,1.78,9.66,89.653,MOB,9.97,16.21,4.214060756
M4,T8,63.16,62.482,95.88,0.5969,0.6938,3021,104,37.39,165.24,1683896,1.68,10.19,90.19,MOB,9.16,16.21,4.216566833
M4,T9,91.75,91.784,99.67,0.9146,0.9407,878,50,32.03,523.58,1658141,1.66,10.35,90.34,MOB,8.88,16.44,4.271587181
M4,T10,92.57,92.591,99.736,0.9237,0.9473,734,47,31.67,627.41,3033929,3.03,5.66,82.324,MOB,71.71,16.2,4.216398382
M4,T11,92.64,92.612,99.721,0.9244,0.9477,1389,53,32.33,458.42,4350891,4.35,3.95,74.652,CPU,9.98,18.58,4.768552498
M4,T12,51.44,48.968,93.04,0.4667,0.5794,3009,104,37.37,165.77,1581661,1.58,10.85,90.785,MOB,9.2,16.32,4.240532799
M4,T13,90.1,90.063,99.519,0.8962,0.927,881,50,32.04,521.18,1560508,1.56,11,90.909,MOB,8.84,16.36,4.251185417
M4,T14,92.54,92.513,99.72,0.9233,0.9469,734,47,31.68,626.13,2391946,2.39,7.18,86.064,MOB,75.8,16.65,4.320433044
M4,T15,92.59,92.561,99.724,0.9239,0.9473,1419,54,32.39,448.21,4373310,4.37,3.92,74.521,CPU,10,18.23,4.687221162
M4,T16,52.22,49.501,93.203,0.4753,0.5861,3019,104,37.39,165.33,1586391,1.59,10.82,90.758,MOB,9.15,16.13,4.199022779
M4,T17,90.42,90.367,99.546,0.8998,0.9296,882,50,32.03,522.95,1565494,1.57,10.96,90.879,MOB,8.86,16.52,4.2876297
M4,T18,92.59,92.56,99.723,0.9239,0.9473,739,47,31.69,622.81,2407373,2.41,7.13,85.975,MOB,73.05,16.42,4.266565228
M4,T19,92.5,92.476,99.722,0.9229,0.9466,1584,57,32.65,406.98,4302025,4.3,3.99,74.936,CPU,9.99,18.57,4.765923808
M4,T20,54,50.941,93.415,0.4951,0.6016,3010,104,37.38,165.59,1563807,1.56,10.98,90.889,MOB,9.18,16.22,4.218772669
M4,T21,90.49,90.455,99.54,0.9006,0.9302,882,50,32.04,520.83,1542557,1.54,11.13,91.013,MOB,8.84,16.06,4.184498978
M4,T22,92.45,92.424,99.722,0.9223,0.9462,743,47,31.7,619.19,2348562,2.35,7.31,86.317,MOB,80.36,16.52,4.286795759
M4,T23,92.44,92.413,99.721,0.9222,0.9462,1401,53,32.35,456.27,4313095,4.31,3.98,74.872,CPU,9.99,18.42,4.731028316
M4,T24,53.26,49.444,93.323,0.4869,0.5925,3017,104,37.39,165.36,1555143,1.56,11.04,90.94,MOB,9.16,16.06,4.184880651
M4,T25,90.6,90.545,99.548,0.9018,0.931,879,50,32.03,523.31,1534459,1.53,11.19,91.06,MOB,8.87,17.31,4.475156975
M4,T26,92.5,92.473,99.72,0.9229,0.9466,741,47,31.69,621.07,2365189,2.37,7.26,86.22,MOB,10.39,16.63,4.315460587
M5,T1,90.65,90.683,99.479,0.9023,0.9315,105186,2664,293.37,33.8,7171398,7.17,6.92,85.559,MOB,10.37,20.4,4.797491083
M5,T2,10.17,2.106,51.968,0.0081,0.04,29158,759,102.92,43.71,6974038,6.97,7.12,85.956,MOB,10.29,20.7,4.857859181
M5,T3,88.23,88.258,99.222,0.8754,0.9115,8496,238,50.82,78.04,6602142,6.6,7.52,86.705,MOB,10.25,20.54,4.822847528
M5,T4,90.67,90.693,99.468,0.9026,0.9316,6717,194,46.45,90.8,11910126,11.91,4.17,76.016,MOB,10.25,20.74,4.879321061
M5,T5,90.69,90.714,99.466,0.9028,0.9318,6744,195,46.47,90.73,23500154,23.5,2.11,52.676,MOB,91.48,20.66,4.861998916
M5,T6,95.11,95.115,99.907,0.9519,0.9678,7583,135,40.52,125.06,19577795,19.58,2.54,60.575,CPU,10.43,21.78,5.514464393
M5,T7,95.17,95.178,99.906,0.9526,0.9683,105524,2649,291.9,33.82,5471441,5.47,9.08,88.982,MOB,10.39,19.1,4.892890268
M5,T8,47.96,48.204,89.391,0.428,0.5496,29751,768,103.75,43.56,5241619,5.24,9.47,89.445,MOB,10.29,19.6,5.011194202
M5,T9,95.08,95.087,99.905,0.9516,0.9676,8531,238,50.77,78.15,5230887,5.23,9.49,89.466,MOB,10.25,19.36,4.957631175
M5,T10,95.11,95.115,99.907,0.9519,0.9678,6800,196,46.56,90.37,9784355,9.78,5.08,80.297,MOB,91.06,19.41,4.962760394
M5,T11,10.33,3.957,49.503,0.0099,0.0559,7291,130,39.97,130.26,17174853,17.17,2.89,65.414,CPU,10.54,21.81,5.521117563
M5,T12,9.33,4.615,49.022,-0.0012,0.007,28987,748,101.82,43.92,5063039,5.06,9.81,89.804,MOB,10.28,19.68,5.027926016
M5,T13,10.14,3.8,49.325,0.0078,0.0416,8545,239,50.93,77.77,5084207,5.08,9.77,89.762,MOB,10.23,19.55,4.994171332
M5,T14,10.34,3.967,49.492,0.01,0.0564,6772,196,46.62,90.18,8891759,8.89,5.58,82.094,MOB,90.83,19.53,4.99206179
M5,T15,9.45,4.102,50.072,0.0001,0.007,7240,129,39.89,131.07,17214645,17.21,2.88,65.334,CPU,10.38,21.57,5.466268532
M5,T16,9.27,4.307,49.426,-0.0019,0.007,29012,749,101.91,43.91,5091923,5.09,9.75,89.746,MOB,10.28,19.61,5.013172728
M5,T17,9.22,3.883,50.063,-0.0024,0.007,8542,239,50.89,77.87,5112975,5.11,9.71,89.704,MOB,10.24,19.36,4.950212402
M5,T18,9.49,4.145,50.071,0.0006,0.007,6770,196,46.62,90.17,8895952,8.9,5.58,82.086,MOB,90.88,19.58,5.002538649
M5,T19,10.38,4.18,50.201,0.0104,0.059,7228,129,39.89,131.07,17135248,17.14,2.9,65.494,CPU,10.39,21.82,5.526128216
M5,T20,8.95,4.095,48.987,-0.0054,0.007,28899,746,101.6,43.97,5049141,5.05,9.84,89.832,MOB,10.76,19.61,5.019723665
M5,T21,10.15,3.739,50.257,0.0079,0.0428,8525,239,50.88,77.88,5071492,5.07,9.79,89.787,MOB,10.24,19.38,4.959111467
M5,T22,10.38,4.18,50.198,0.0104,0.059,6721,195,46.51,90.56,8850774,8.85,5.61,82.177,MOB,65.22,19.74,5.039120391
M5,T23,9.76,3.332,50.394,0.0036,0.007,8627,174,44.38,99.53,17178253,17.18,2.89,65.407,CPU,10.53,21.39,5.425714688
M5,T24,8.66,3.867,48.667,-0.0087,0.007,28965,748,101.81,43.92,4995393,5,9.94,89.941,MOB,10.27,19.4,4.96560411
M5,T25,9.58,3.031,50.464,0.0016,0.007,8555,240,50.98,77.67,5018150,5.02,9.9,89.895,MOB,10.24,19.54,4.996825303
M5,T26,9.75,3.37,50.385,0.0034,0.007,6753,196,46.59,90.26,8893678,8.89,5.58,82.09,MOB,2,19.6,5.001095674